Hakwoord,Speciaal Hakwoord,Zingwoord,Luchtwoord,Plankwoord,Eer-oor-eur-woord,Woord van het uw-rijtje,Langermaakwoord,Voorvoegsel,Klankgroepenwoord - korte klank,Klankgroepenwoord - lange klank,Klankgroepenwoord - tweetekenklank,Klankgroepenwoord - medeklinker,Klankgroepenwoord - A-lijst,Klankgroepenwoord - eind lange klank,Verkleinwoord,Achtervoegsel,Kilo-woord,Komma-s-woord,Cent-woord,Komma-s-meervoud,Politie-woord,Cola-woord,Tropisch-woord,Taxi-woord
spraak,golf,angst,aanrecht,bedankt,controleer,afschuw,sprankelend,bedanken,Anne,Afrika,afblijven,aanvoerder,abonnement,Afrika,plankje,ijverig,abrikozen,'s avonds,accent,ara's,accommodatie,accent,agrarisch,Alexia
sprak,half,bang,acht,bank,Amersfoort,duw,afstand,geloven,Assen,Ameland,geurig,donder,baviaan,Europa,kwartiertje,aankondigen,emigrant,'s morgens,cider,extra's,conditie,circus,elektrisch,exemplaar
spreek,kalf,belangrijk,bedacht,bink,voordelig,ruw,standaard,verblijf,Bennie,Amersfoort,andijvie,individu,kabeljauw,Lara,harinkje,ijzig,kampioen,'s winters,financieel,mango's,garantie,contact,logisch,fax
spreuk,wolf,dwang,bericht,bonk,speurt,uw,altijd,verstand,Ellie,Apeldoorn,gierig,orgaan,lakei,panda,weggetje,aanmoedigen,muzikant,'s zaterdags,principieel,pony's,medicatie,inspecteur,statische,maximum
straal,zalf,eng,bergachtig,bonkt,eergisteren,waarschuw,tand,bedankt,Emmen,Arabier,augurk,toernooi,parasol,tempo,baasje,jarig,spiraal,'s maandags,accepteren,auto's,reactie,accepteren,alfabetisch,Alexander
straf,zelf,gang,berucht,dank,Apeldoorn,zenuw,Ameland,gelukkig,Harry,Brabant,gouden,aardige,abrikoos,Amerika,plantje,aardige,activiteit,'s nachts,cilinder,foto's,actie,cobra,exotisch,exotisch
strak,Belg,hengsel,burcht,dankbaar,voorraad,zenuwachtig,uitmuntend,verdedigen,Holland,Chinese,aula,drempel,Brazilië,Eva,leeuwtje,jeugdig,Eskimo,'s woensdags,gecompliceerd,massa's,consumptie,contant,magisch,faxen
streek,velg,hengst,dichtbij,denk,treurt,zenuwachtige,arend,verstoren,Hollandse,Egypte,grauwe,insecten,kabouter,Laura,hellinkje,akelig,kandidaat,'s zomers,procent,puppy's,generatie,instructie,technisch,mix
streep,volg,ingang,echt,drink,eerlijk,zwaluw,uitstekend,bedrijf,Jenny,Erik,auteur,orkaan,lawaai,papa,zonnetje,kattig,nasi,'s middags,actrice,agenda's,munitie,accommodatie,Arabisch,Beatrix
strek,walg,jong,gedicht,drinkt,behoorlijk,schuw,avond,gemakkelijker,Russisch,Ethiopië,griezelig,tosti,patat,thema,bankje,angstig,stadion,'s ochtends,circa,gorilla's,relatie,cocon,fantastisch,expeditie
striem,dwerg,lang,gerecht,Enkhuizen,voorrang,sluw,vanavond,verdelen,Russische,aannemelijk,auto,aflasten,adres,Appelscha,poortje,krakkemikkig,actrices,'s werelds,geconcentreerd,menu's,administratie,contract,magnetisch,Felix
strijk,erg,langzaam,gevecht,flink,zeurt,schaduw,beeld,vertragen,Sanne,aannemer,hoepel,Duitse,cadeau,extra,lijntje,bergachtig,Ethiopië,'s zondags,producent,pyjama's,democratie,locatie,technische,mixen
strik,zorg,mengsel,gewicht,Frankrijk,eerst,,veld,behalve,Tommy,adem,aanmoediging,inspecteur,kadet,logo,kettinkje,keurig,kantine,,actrices,banjo's,gratie,acrobaat,Atlantische,box
strip,twaalf,pinguïn,gezicht,hink,beoordelen,,benieuwd,gemeente,Vlissingen,ademloos,houden,orkest,machine,pasta,dingetje,bevestigen,Nina,,circus,grutto's,notitie,code,fantastische,experiment
stroef,balk,slang,gracht,hinkt,voorzichtig,,verkeerd,verduidelijken,Zorro,afrekenen,aardbeien,trampoline,paté,toendra,beeldje,kleuriger,Suriname,,hyacint,mitella's,reparatie,controle,medisch,index
strook,kolk,sprong,kinderachtig,inschenkt,heerlijk,,beroemd,vertroetelen,Zwolle,aftekenen,houten,afstandelijk,agenda,Anna,portretje,bezichtigen,affiche,,produceren,radio's,arrestatie,locomotief,telefonisch,mixer
stroom,melk,stang,kucht,jonkvrouw,boord,,verliefd,behangen,aardappelen,akelig,afgrijselijk,Efteling,calorie,firma,mobieltje,knapperig,etiket,,ambulance,begonia's,demonstratie,acteren,atletisch,claxon
stroop,tolk,streng,lacht,klank,meervoud,,boord,gemiddeld,abonnement,angstaanjagend,iedereen,internaat,kalender,ma,rillinkje,bezuinigen,kapitein,,cirkel,hobby's,illustratie,cola,gigantisch,export
strop,volk,tang,macht,klink,doorlopen,,verstand,verdwijnen,affiches,apotheek,augustus,pamflet,machinist,Patricia,gangetje,kleverig,niveau,,identificeren,motto's,operatie,controleren,optimistisch,luxe
struik,wolk,tong,nicht,links,beeld,,brood,vertrouwen,afzetterij,ara,iemand,trompet,patroon,toga,beestje,bochtig,tapir,,provinciaal,safari's,repetitie,macaroni,theoretisch,saxofoon
arts,film,vangt,opdracht,linksaf,meneer,,voedzaam,bedreigd,allerlei,arena,begeleider,afval,agent,ara,praatje,koppig,affiches,,balanceren,bikini's,attentie,acteur,automatisch,exact
balts,helm,voorrang,pracht,ondanks,Doornroosje,,bruid,geneeskrachtig,alles,arend,ijzig,eigenaardig,capuchons,flora,nieuwtje,doorzichtig,expeditie,,cirkels,hobo's,discriminatie,collage,historisch,expositie
danst,kalm,zingt,raadselachtig,pink,beurt,,vloed,vereenvoudigen,allicht,aten,beitel,inventief,kameel,mama,sluitinkje,krachtig,kariboe,,incident,oma's,imitatie,couplet,Perzisch,Luxemburg
erts,palm,angel,rechts,plank,deel,,Duitsland,vervolgens,appel,avond,inkleuren,partij,magazijn,Paula,jongetje,draaierig,notitie,,provincie,salto's,optie,Marco,toeristisch,taxi
fietst,walm,bange,richting,plankton,neerslag,,vreemd,begeleider,attent,bacterie,bekeuring,turbine,planeet,trio,blikje,kundig,televisie,,cel,camera's,situatie,actie,Aziatisch,examen
films,zalm,bengel,schacht,schenk,doorzichtig,,duizend,geneeskunde,attribuut,beleven,kabouters,afzender,agenten,arena,reisje,drassig,Afrikaanse,,cirkelen,hyena's,attractie,collecte,hysterisch,explosie
kilts,help,brengen,slecht,sprinkhaan,conducteur,,vriend,vereeuwigen,bakkerij,beloning,bereiden,einde,catalogus,foto,papiertje,kunstig,experiment,,incidenteel,schema's,emotie,coupon,praktisch,maxi
korps,hulp,dingen,specht,stank,geel,,eend,vervuilen,ballon,beoordelen,keien,jeugdig,kanaal,mango,vergissinkje,driftig,kilo,,publiceren,cello's,informatie,mascara,tragisch,textiel
nerts,schelp,dringen,tachtig,stinkt,onweer,,wedstrijd,beginnen,batterij,beter,bevriezen,pastei,mama,Pluto,krakelingetje,lastig,officier,,cellen,iglo's,organisatie,actief,Belgisch,excursie
pumps,tulp,Engeland,terecht,stonk,eekhoorn,,eiland,genezen,beginnen,bevers,keurig,twintig,rabarber,tuba,bootje,droevig,titel,,citroen,opera's,sensatie,collectie,Indisch,expres
schalks,welp,engel,tocht,vink,coureur,,wereld,vereist,bestemming,beweging,bezuinigen,afzonderen,alarm,aula,rietje,lenig,Amerika,,klavecimbel,ski's,auditie,coureur,ritmisch,Max
scherps,durf,Engels,uitzicht,vonk,geheel,,eland,verwachten,betonnen,bewoners,kijken,envelop,catastrofe,ga,pleintje,dromerig,expositie,,racen,cobra's,expeditie,mascotte,tropisch,wax
terts,larf,Engelsman,Utrechtse,zink,probeer,,wijd,begrip,blokken,bibliotheek,blijven,kalender,kaneel,Marokko,verrassinkje,levendige,kilogram,,cello,kano's,injectie,activiteit,Belgische,excursies
zelfs,scherf,gangen,vacht,anker,enzovoort,,Engeland,geniaal,bokken,biologisch,klauwen,peinzen,manier,pinda,kringetje,duizelig,olifant,,citroenen,orka's,politie,collega,Indische,extra
splits,slurf,gevangene,vannacht,banken,deur,,wind,vereren,cellen,bodem,bloesem,uitmuntend,raket,vla,bordje,lollig,tosti,,lanceren,sofa's,spatie,courgettes,romantisch,Maxima
spreekt,verf,hangen,verkocht,bedanken,heelal,,enkelvoud,verwijzen,cello,bomen,kleien,agenten,amandelen,auto,sausje,eeuwig,antilopen,,racisme,collega's,collectie,microfoon,tropische,excuses
sprint,berg,hanger,vlucht,binken,sfeer,,woedend,begrippen,collectie,bovendien,boeket,Eskimo,categorie,gorilla,prieeltje,luchtig,fabrikant,,cement,kassa's,expositie,actrice,Bosnisch,extreem
sprits,berk,hengel,vocht,bonken,gehoor,,Friesland,genieten,courgettes,capuchons,kleine,kalveren,kapitaal,mascara,verwarminkje,eeuwige,kilometer,,communiceren,pagina's,inspiratie,college,komisch,maximaal
straalt,hark,Hengelo,zacht,danken,directeur,,wond,vergeten,dappere,chaos,boeven,perfect,marathon,poema,ringetje,luidruchtig,organiseren,,lucifer,solo's,portie,couveuse,Russisch,
straft,harkt,honger,zenuwachtig,denken,juweel,,geduld,verzinnen,dauwtrappen,code,kleuren,uitzondering,salade,vlo,boxjes,eigenaardig,traditie,,racist,dia's,traditie,microscoop,typisch,
straks,hurk,jongen,achter,donker,sorteer,,wreed,behoorlijk,diarree,dagelijks,buitelen,altijd,amusant,banjo,schaapje,machtig,artikel,,cent,kilo's,combinatie,actrices,chemisch,
streept,hurkt,jongens,achteruit,donkere,hoorn,,Gelderland,geraamte,dubbel,daling,kleurig,excursie,fabriek,Gouda,prooitje,eindigen,familie,,concentreren,paprika's,felicitatie,collegiaal,komische,
strekt,jurk,kringen,dochter,drinken,geur,,Zeeland,verhaal,essentieel,definitie,buitenlands,kampioenschap,kapitein,massa,winterkoninkje,mollig,kiosk,,medicijn,sorry's,installatie,creatief,Russische,
strijkt,kerk,lange,echte,enkel,keel,,gemiddeld,verzorging,flippers,definitief,konijnen,perfecte,materiaal,poncho,slangetje,enig,pagina,,recensent,diploma's,positie,musicus,vegetarisch,
strikt,kurk,langer,gerechten,enkele,tekeer,,zeldzaam,belachelijke,fossiel,delen,buizen,vaandel,salamander,yoga,briefje,nauwkeurig,trampoline,,centen,kiwi's,traktatie,actueel,democratisch,
stroomt,merk,lengte,grachten,enkelvoud,kantoor,,gereedschap,gerecht,gammele,digitale,krioelen,amandelen,amuseren,begonia,schelpje,geduldig,assistent,,concert,panda's,communicatie,combinatie,kosmisch,
fronst,park,longen,nachtegaal,flinke,keurt,,Zweed,verhalen,geheimzinnig,dirigeren,cijfer,exemplaar,fagot,grutto,retourtje,nieuwsgierig,februari,,musiceren,taxi's,frustratie,crisis,spastisch,
grenst,perk,mengen,ochtend,hinken,momenteel,,gespierd,verzot,gelukkig,docent,kuieren,kandidaat,kapot,Maxima,woninkje,geestig,kiwi,,recensie,drama's,instructie,perfect,dramatisch,
kletst,snurkt,ringen,opdrachten,klanken,veertien,,zuid,belangrijke,gelukkige,dominant,couveuse,Perzisch,matras,prima,sprongetje,nuttig,paprika,,centiliter,komma's,presentatie,acuut,kritisch,
krimpt,sterk,slangen,rechter,klinker,koorts,,gewond,gereden,gemiddeld,douane,Laura,vakkundig,salaris,zebra,broodje,geldig,transpireren,,december,papa's,vakantie,combineren,statisch,
kwarts,vork,slinger,richten,medeklinker,kleur,,Groenland,verhongeren,gespannen,dozen,dichtstbijzijnd,artiest,apart,bijna,smaakje,pittig,auditie,,oceaan,thema's,competitie,cultuur,,
plaatst,werk,springen,spechten,pinken,scheel,,grond,verzwijgen,gesprekken,draven,lauwe,fatsoen,familie,Hengelo,riviertje,gelukkige,feliciteren,,recept,echo's,functie,pictogram,,
plenst,zerk,stangen,vluchten,planken,verkeer,,aanwinst,beleven,gevallen,dromerig,dieren,kandelaar,kanarie,media,tangetje,plechtig,klarinet,,centimeter,lama's,locatie,alcohol,,
plonst,arm,stengel,wachten,schenken,meteoor,,hoed,gereedschap,glitters,duel,leiding,pesterij,matroos,prisma,brokje,geneeskrachtig,Patricia,,decibel,paraplu's,prestatie,comité,,
slurpt,berm,swingende,zuchten,stinken,inspecteur,,abonnement,verkeer,grappig,eland,dieven,verantwoorde,saté,ziezo,snoepje,plezierig,triangel,,officieel,tosti's,variatie,cursus,,
snurkt,darm,tangen,ach,stonken,speels,,Holland,verzwikken,hebberig,emigrant,leidingen,artikel,apotheek,camera,rommeltje,geniepig,Australië,,sociaal,Eskimo's,,politicus,,
sponst,norm,tongen,belachelijk,vinken,vleermuis,,afkomst,beneden,helling,enorm,druiven,feestelijke,fazant,hobo,wandelingetje,prachtige,festival,,centimeters,lolly's,,articuleren,,
stampt,scherm,triangel,chaos,Vinkeveen,noord,,Hollandse,geremd,herrie,enzovoort,lieveling,kantine,kanon,menu,chipje,geurig,klimaat,,decimaal,piano's,,commandant,,
stompt,storm,vangen,echo,vonken,interieur,,agent,verkering,hobby,ervaring,duidelijk,pienter,natuur,pyjama,speldjes,prettig,piano,,officier,tuba's,,democratie,,
tjilpt,term,vinger,goochelaar,wankelen,steelt,,honderd,benieuwd,immigrant,eten,liever,verderop,satelliet,zo,scheurtje,gevoelig,tribune,,speciaal,euro's,,product,,
zwerft,vorm,wangen,goochelen,wankelt,wanneer,,apart,geroezemoes,intelligent,Europa,duiven,asfalt,april,cello,balletje,puntig,Aziatisch,,centraal,mama's,,attractie,,
zwermt,warm,wringen,joch,winkel,Noorwegen,,iemand,verklappen,japonnen,Felix,lijden,festival,galerij,hoera,concertje,geweldige,figuur,,docent,pinda's,,commanderen,,
,worm,zanger,jochie,winkelier,monteur,,apparaat,beoordelen,kajakken,Groningen,duizelig,kapsel,kapel,mitella,sprintje,raadselachtig,kliniek,,omcirkelen,zebra's,,dialect,,
,zwerm,zangeres,juichen,winkels,teveel,,kleed,gerucht,kapotte,Groningse,luifel,piste,paleis,radio,schilderijtjes,gewichtig,piloot,,speciaals,opa's,,producten,,
,kern,zingen,lach,zinken,weer,,artiest,verklede,kikkers,Irakees,eenvoudig,verkondigen,satijn,Zorro,ballonnetje,regelmatig,trio,,centrale,,,bacterie,,
,dorp,zwanger,lachen,zwenken,ongestoord,,koud,bretels,kudde,Italië,luizen,atlas,Arabier,chocola,drankje,gezellig,baviaan,,emancipatie,,,commentaar,,
,harp,aanmoediging,lichaam,,regisseur,,asfalt,bereiden,lekkernij,José,eigenaar,financieel,garage,hyena,sprookje,roestig,file,,ontcijferen,,,dictee,,
,scherp,aanrijding,kachel,,veel,,kwaad,geruststellen,ligging,Judith,moedig,karnemelk,karaf,metro,schuurtje,giftig,krioelen,,specialist,,,project,,
,sjerp,bekeuring,kuchen,,zweer,,attent,verknoeien,lolly,Nederland,eigenlijk,plenzen,palet,saldo,biggetje,rumoerig,pion,,centrum,,,bioscoop,,
,slurp,beloning,och,,poort,,lid,dement,maatschappij,Nederlandse,nauwelijks,verschijnsel,station,cobra,dropjes,glibberig,uniform,,emanciperen,,,communicatie,,
,werp,bereiding,pech,,scheur,,barst,bericht,middel,Noorwegen,eigenwijze,augustus,Arabisch,iglo,spruitjes,rustig,benzine,,Patricia,,,direct,,
,,bestemming,techniek,,,,lied,geschiedenis,modderig,Pasen,nauwkeurig,fontein,garanderen,motto,sleuteltje,grappig,finale,,succes,,,reactie,,
,,beweging,technisch,,,,beest,verkocht,mollig,Peter,eiland,karwei,karakter,salto,bloemetje,sappiger,kritiek,,ceremonie,,,cadeau,,
,,bewondering,toch,,,,mand,meloen,officieel,Pluto,nauwkeurige,plantsoen,papa,daarna,autootje,griezelig,piraat,,fabriceren,,,communiceren,,
,,bezichtiging,zich,,,,beschuit,beroemd,officier,Romeins,Enkhuizen,versie,tabak,ja,eendje,schemerig,urine,,pincet,,,directeur,,
,,Efteling,,,,,meervoud,geschenk,paddenstoel,Trude,nauwkeuriger,avontuurlijk,asiel,na,spuitje,grondig,bespioneren,,cijfer,,,reclame,,
,,Groningen,,,,,beurt,verkoper,pakket,Utrecht,Europa,gebergte,garantie,schema,spreeuwtje,schreeuwerig,gigantisch,,felicitatie,,,cactus,,
,,Groningse,,,,,Nederland,meneer,perron,Utrechtse,niezen,kastelen,karate,actueel,boerinnetje,handig,kritisch,,precies,,,competitie,,
,,haring,,,,,bloot,beroep,pittig,Volendam,fluiten,portie,papegaai,dia,agendaatje,slaperig,piramide,,cijfers,,,disco,,
,,helling,,,,,Nederlandse,geschikt,platteland,Volendamse,oefen,vervaardigen,tabel,jojo,elastiekje,harig,variatie,,feliciteren,,,respect,,
,,herinnering,,,,,boeket,verkouden,puppy,etiket,gebruikelijk,Belgisch,avontuur,nu,stadje,slordige,bibliotheek,,principe,,,calorie,,
,,honing,,,,,noord,menu,ridders,evenaar,oever,gebeurtenis,gazon,silo,steentje,hebberig,giraffe,,,,,compleet,,
,,ketting,,,,,Brabant,berucht,rillingen,evenement,geluiden,ketchup,karavaan,ideaal,bolletje,smerig,kwaliteit,,,,,discotheek,,
,,kleding,,,,,ochtend,geschreeuw,sappig,examen,omleiding,praktisch,papier,diploma,cameraatje,heilig,piste,,,,,respecteren,,
,,koning,,,,,Brit,verkrijgbaar,schappen,exotisch,genieten,verven,tablet,judo,erwtjes,spoedig,via,,,,,camera,,
,,koningin,,,,,ontzettend,meteen,schrikken,expositie,ondiepe,Belgische,azijn,oma,strookje,heldhaftig,bikini,,,,,compliment,,
,,leiding,,,,,bruiloft,beschrijven,schrokker,finale,geroezemoes,geboorte,grafiek,sla,stoeltje,statige,gitaar,,,,,discriminatie,,
,,lezing,,,,,raadsel,geslaagde,schutting,furieus,onstuimig,kinderen,kariboe,individueel,bonnetje,hevig,lampion,,,,,risico,,
,,lieveling,,,,,docent,verleden,sinaasappels,garage,geschiedenis,praktische,paneel,drama,cellootje,stevig,pistool,,,,,Canada,,
,,ligging,,,,,rond,mevrouw,sorry,geloven,opleiding,vervolgens,talent,kano,feestje,hongerige,viool,,,,,componeren,,
,,mening,,,,,dorst,beschuit,stalling,genezen,getreiter,bevestigen,balans,opa,stukje,stoffig,biologisch,,,,,discrimineren,,
,,omgeving,,,,,spannend,geslapen,steppe,geniaal,oude,gedeelte,jaloers,sofa,treintje,humeurig,helikopter,,,,,seconde,,
,,omleiding,,,,,cement,verlegen,stoffig,glazen,getuige,klamboe,katoen,eventueel,boterhammetje,tegenwoordig,lawine,,,,,capuchons,,
,,ontmoeting,,,,,cent,mezelf,terras,globe,ouders,principe,paniek,duo,collegaatje,tuttig,podium,,,,,componist,,
,,opluchting,,,,,logopedist,beslag,tuttig,gratie,paleizen,verzorging,tapijt,kassa,frietje,gevaarlijke,virus,,,,,discussie,,
,,overhoring,,,,,charmant,gespannen,uppie,grazen,verspijkeren,bewondering,banaan,opera,tandje,twintig,bizar,,,,,secuur,,
,,overwinning,,,,,loket,verleren,vergezellen,grote,Paula,geduldig,japon,solo,truitje,gruwelijk,horizon,,,,,carnaval,,
,,rekening,,,,,compleet,pedaal,verklappen,haringen,vertrouwen,knutselaar,katrol,procentueel,brilletje,uitnodigen,ledikant,,,,,compost,,
,,reservering,,,,,machinist,beslist,verrassen,hazen,pauze,principieel,paraplu,echo,eurootje,hartelijk,politie,,,,,effect,,
,,richting,,,,,compliment,gespierd,verrotte,helaas,vervuilen,vesting,tarief,kilo,geitje,veilig,visite,,,,,stethoscoop,,
,,rilling,,,,,markt,verlichte,verrukkelijk,hemel,peuter,bleekselderij,barak,orka,tentje,heerlijk,bizons,,,,,catalogus,,
,,riolering,,,,,componist,plezier,versnellen,hevige,vieze,gemeente,kabaal,sta,veertje,veilige,horizontaal,,,,,concentratie,,
,,schemering,,,,,meest,besneeuwde,vertellen,horen,Pieter,kosten,kazerne,ritueel,bruggetje,heerlijke,liaan,,,,,exact,,
,,schutting,,,,,compost,gesprek,verwennerij,horizon,vijandig,prisma,parasiet,Eskimo,extraatje,verdediger,politiek,,,,,succes,,
,,sluiting,,,,,minst,verliefd,verzinnen,hotel,plezierig,vierentwintig,,komma,gebakje,huiselijk,vitamines,,,,,categorie,,
,,spanning,,,,,concert,plezierig,verzwikken,huwelijk,vijlen,bliksem,,pa,terrasje,vereeuwigen,Braziliaanse,,,,,concentreren,,
,,staking,,,,,moment,bespioneren,vettig,hyacint,poedel,geneeskunde,,stro,vrouwtje,huishoudelijk,hygiëne,,,,,excursie,,
,,stemming,,,,,constant,gestalte,visserij,hysterisch,vijven,kundig,,visueel,celletje,vernietigen,libelle,,,,,tactiek,,
,,tekening,,,,,monument,verloren,wakker,ideaal,poema,prognose,,euro,fotootje,huwelijk,positie,,,,,cavia,,
,,uitbreiding,,,,,contact,precies,walvissen,imitatie,vijzel,vindingrijk,,lama,gedichtje,vettig,vitrine,,,,,concert,,
,,uitnodiging,,,,,muzikant,bestrooien,wanneer,imiteren,poezen,boerderij,,pagina,vriendje,jaarlijks,Brazilië,,,,,excuses,,
,,uitzending,,,,,contant,gesteente,wasserij,indianen,vleermuizen,geraamte,,studio,vuurtje,vierentwintig,hygiënisch,,,,,telescoop,,
,,uitzondering,,,,,nonchalant,vermenigvuldigen,winnaar,insmeren,prijzen,kunstenaar,,,dennetje,klaaglijk,lila,,,,,chic,,
,,vergadering,,,,,couplet,negeren,zetten,integratie,vliegen,reserve,,,gorillaatje,vijandig,positief,,,,,conditie,,
,,vergissing,,,,,olifant,betonnen,,integreren,wantrouwen,voedsel,,,grapje,kwalijk,zigeuner,,,,,functie,,
,,verhouding,,,,,dieet,gesteld,,irriteren,rauwe,Bosnisch,,,windje,vlijtig,cavia,,,,,tractor,,
,,verlichting,,,,,ontbijt,vermoeden,,jarig,weinig,geslaagde,,,zalfje,landelijke,idee,,,,,chocola,,
,,verrassing,,,,,dirigent,recensie,,jongleren,reizen,laarzen,,,gezinnetje,vochtig,limoen,,,,,conducteur,,
,,versiering,,,,,opbrengst,bevestigen,,journalist,wethouder,ritme,,,hobootje,lelijk,president,,,,,injectie,,
,,versnelling,,,,,orkest,gestoord,,joviaal,reuzen,voldaan,,,groepje,volledig,China,,,,,truc,,
,,verstopping,,,,,eerst,vernietigen,,juli,wijken,bronzen,,,woordjes,makkelijk,ideaal,,,,,chocolade,,
,,vertraging,,,,,pakket,recept,,juni,rijkelijk,gestrande,,,zuurtje,voorzichtig,limonade,,,,,constant,,
,,verzorging,,,,,erwt,bevriezen,,juweel,wijzen,lampion,,,gummetjes,menselijk,prieel,,,,,insect,,
,,vinding,,,,,palet,getal,,kade,ruilen,rustig,,,iglootje,wantrouwig,Chinese,,,,,verticaal,,
,,Vlissingen,,,,,etiket,verpakt,,kajakken,wijziging,volgens,,,handje,misselijk,idool,,,,,circa,,
,,vluchteling,,,,,patat,refrein,,kastelen,scheiden,centimeter,,,worstje,weinig,liter,,,,,consumptie,,
,,voorstelling,,,,,exact,bewoners,,kazen,woedend,gevaarte,,,zwijntje,moeilijk,prima,,,,,insecten,,
,,wandeling,,,,,perfect,getuige,,kleding,schieten,landelijke,,,holletje,willekeurig,collegiaal,,,,,viaduct,,
,,wijziging,,,,,experiment,verraden,,kleverig,wrijving,sardien,,,kanootje,moeilijke,chirurg,,,,,,,
,,wrijving,,,,,piloot,regeren,,komisch,schouder,voorwaarde,,,hartje,wollig,iglo,,,,,,,
,,,,,,,fabrikant,bezichtigen,,koning,ziezo,centraal,,,zusje,natúúrlijk,loempia,,,,,,,
,,,,,,,piraat,gevaar,,koperen,schroeven,geweldige,,,hotelletje,zalig,privé,,,,,,,
,,,,,,,fagot,verrassen,,koraal,zigeuner,lantaarns,,,kassaatje,nauwelijks,essentieel,,,,,,,
,,,,,,,poort,relatie,,krakelingen,seizoen,schaarse,,,hoedje,zanderige,centiliter,,,,,,,
,,,,,,,feest,bezuinigen,,kralen,zoute,vulkaan,,,kammetje,noordelijk,illegaal,,,,,,,
,,,,,,,portret,gevaarlijke,,krokant,sluier,centrum,,,kilootje,zenuwachtig,lucifer,,,,,,,
,,,,,,,fruit,verrichten,,kwalijke,zuivel,geworden,,,huisje,oostelijk,radio,,,,,,,
,,,,,,,procent,religie,,lading,sluiting,legende,,,armpje,zestiger,filiaal,,,,,,,
,,,,,,,geit,gevaarte,,ledikant,zwijgen,schandaal,,,kommetje,openlijk,centimeter,,,,,,,
,,,,,,,project,verroest,,lelijk,smijten,waarde,,,kommaatje,zielig,illustratie,,,,,,,
,,,,,,,geschikt,reserve,,lenig,smoezen,charmant,,,ijsje,pijnlijk,macaroni,,,,,,,
,,,,,,,rapport,gebergte,,lever,spijzen,giftig,,,beertje,zonnig,religie,,,,,,,
,,,,,,,hart,gevallen,,lezen,stiekem,lenzen,,,bloempje,rijkelijk,financieel,,,,,,,
,,,,,,,recept,verrotte,,lezing,striemende,schande,,,lammetjes,zorgvuldig,citroen,,,,,,,
,,,,,,,helft,retour,,lianen,strijden,walvissen,,,laatje,smakelijke,imiteren,,,,,,,
,,,,,,,restaurant,gebeurtenis,,lichamen,taugé,cirkel,,,kaarsje,zuinig,machine,,,,,,,
,,,,,,,herfst,gevangene,,logisch,tegelijkertijd,gigantisch,,,broertjes,stedelijk,repetitie,,,,,,,
,,,,,,,resultaat,verruilen,,logé,tijdelijk,Limburg,,,bodempje,tamelijk,geniaal,,,,,,,
,,,,,,,hint,skelet,,loket,toerisme,scherven,,,lolletje,tijdelijke,citroenen,,,,,,,
,,,,,,,schrift,gebit,,loterij,trouwen,wandeling,,,lamaatje,aannemelijk,immigrant,,,,,,,
,,,,,,,hulst,gevecht,,lotion,trouwens,cirkels,,,kalfje,toegankelijker,machinist,,,,,,,
,,,,,,,skelet,verrukkelijk,,magisch,trouwerij,gipsen,,,cadeautje,aantrekkelijk,riolering,,,,,,,
,,,,,,,hyacint,tegelijk,,marathon,twijfels,Limburgse,,,boompje,uiterlijk,imperiaal,,,,,,,
,,,,,,,sprint,geboorte,,medeklinker,uien,schilderij,,,mannetje,afgrijselijk,combinatie,,,,,,,
,,,,,,,immigrant,geweldige,,medicijn,uitbreiding,wandelingen,,,logootje,verantwoordelijk,improviseren,,,,,,,
,,,,,,,spuit,verschijnsel,,medisch,veilig,cirkelen,,,kastje,afstandelijk,marine,,,,,,,
,,,,,,,interessant,tegemoet,,mening,veilige,golven,,,cirkeltje,verduidelijken,riool,,,,,,,
,,,,,,,tapijt,gebouw,,meteoor,verblijven,loempia,,,duimpje,afschuwelijk,joviaal,,,,,,,
,,,,,,,internaat,gewichtig,,microfoon,verdiepingen,Sinterklaas,,,pennetje,vermakelijk,comité,,,,,,,
,,,,,,,tekort,verschillen,,ministerie,verkouden,welkom,,,mangootje,avontuurlijk,indianen,,,,,,,
,,,,,,,irritant,tekeer,,minuten,vermoeden,competitie,,,kindje,verrukkelijk,Maxima,,,,,,,
,,,,,,,tent,gedeelte,,modieus,vernietigen,grandioos,,,cijfertje,behoorlijk,risico,,,,,,,
,,,,,,,journalist,gezelliger,,moment,verrijken,magnetron,,,filmpje,verschrikkelijk,liniaal,,,,,,,
,,,,,,,vondst,verscholen,,motor,proeverij,skelters,,,plannetje,belachelijk,competitie,,,,,,,
,,,,,,,kandidaat,tekort,,muziek,,Wendy,,,menuutje,vreselijk,individueel,,,,,,,
,,,,,,,voorruit,gedicht,,muzikant,,compleet,,,kliekje,besmettelijk,maximaal,,,,,,,
,,,,,,,kapot,gezin,,najaar,,groente,,,deurtje,vriendelijke,ritueel,,,,,,,
,,,,,,,kast,verschrikkelijk,,negeren,,marters,,,helmpje,dagelijks,materiaal,,,,,,,
,,,,,,,kist,terecht,,neven,,snorkel,,,poppetje,vrolijk,compliment,,,,,,,
,,,,,,,eb,gedrag,,nodig,,werkelijk,,,omaatje,eerlijk,inspiratie,,,,,,,
,,,,,,,klarinet,gezonde,,nomaden,,compliment,,,klusje,vrolijke,maximum,,,,,,,
,,,,,,,heb,versierd,,notitie,,grondig,,,eentje,eigenlijk,rivier,,,,,,,
,,,,,,,klimaat,terug,,november,,Martijn,,,kraampje,waarschijnlijk,officieel,,,,,,,
,,,,,,,web,geduld,,oktober,,spastisch,,,snorretje,eindelijk,conditie,,,,,,,
,,,,,,,korst,verslaafd,,oké,,westen,,,opaatje,wekelijks,inspireren,,,,,,,
,,,,,,,drab,teveel,,olifant,,compost,,,knopje,fatsoenlijk,media,,,,,,,
,,,,,,,krokant,geheimzinnig,,omgeving,,gunstig,,,eitje,werkelijk,safari,,,,,,,
,,,,,,,krab,verafschuwen,,omkeren,,mentor,,,naampje,feestelijk,principieel,,,,,,,
,,,,,,,kunst,versleten,,onweren,,speeksel,,,spelletje,westelijk,dia,,,,,,,
,,,,,,,slab,tevreden,,opening,,winter,,,paprikaatje,feitelijk,invalide,,,,,,,
,,,,,,,kust,gehoord,,openlijk,,concert,,,koekje,wonderlijk,medicijn,,,,,,,
,,,,,,,kwab,veranderen,,opgestegen,,halve,,,enkeltje,figuurlijk,schorpioen,,,,,,,
,,,,,,,limiet,versnellen,,piramide,,minister,,,pluimpje,zakelijk,provinciaal,,,,,,,
,,,,,,,rib,geluiden,,piraterij,,sponsor,,,spinnetje,gemakkelijk,diagonaal,,,,,,,
,,,,,,,ledikant,verbazen,,podium,,wiskunde,,,pandaatje,zuidelijk,Italië,,,,,,,
,,,,,,,schub,verspijkeren,,politie,,conditie,,,korstje,,medicijnen,,,,,,,
,,,,,,,schrob,,,positie,,handig,,,foldertje,,serieus,,,,,,,
,,,,,,,Bob,,,positief,,morgen,,,raampje,,sociaal,,,,,,,
,,,,,,,job,,,poëzie,,sponzen,,,spionnetje,,diamant,,,,,,,
,,,,,,,rob,,,probleem,,woensdag,,,parapluutje,,Irakees,,,,,,,
,,,,,,,afwezigheid,,,procent,,constant,,,lampje,,mediteren,,,,,,,
,,,,,,,behendigheid,,,producten,,handiger,,,fonteintje,,sigaar,,,,,,,
,,,,,,,blijheid,,,profeet,,moslim,,,riempje,,speciaal,,,,,,,
,,,,,,,boosheid,,,project,,standaard,,,spulletjes,,diarree,,,,,,,
,,,,,,,dankbaarheid,,,puber,,woestenij,,,pianootje,,iris,,,,,,,
,,,,,,,gezelligheid,,,publiek,,contact,,,lichtje,,miauw,,,,,,,
,,,,,,,gezondheid,,,puree,,Harderwijk,,,geintje,,sinaasappels,,,,,,,
,,,,,,,hoeveelheid,,,radeloos,,mustangs,,,rijmpje,,speciaals,,,,,,,
,,,,,,,hoogheid,,,raven,,striemende,,,stalletje,,dieet,,,,,,,
,,,,,,,moeheid,,,ravijn,,wolven,,,pindaatje,,irriteren,,,,,,,
,,,,,,,moeilijkheid,,,razen,,contant,,,liedje,,microfoon,,,,,,,
,,,,,,,mogelijkheid,,,reactie,,harpoen,,,heuveltje,,sinas,,,,,,,
,,,,,,,onenigheid,,,regisseur,,nabootsen,,,stormpje,,dinosaurus,,,,,,,
,,,,,,,oudheid,,,rekening,,tante,,,stationnetje,,Italiaan,,,,,,,
,,,,,,,schoonheid,,,relatie,,wonderlijk,,,radiootje,,microscoop,,,,,,,
,,,,,,,snelheid,,,reünie,,cultuur,,,luchtje,,sirene,,,,,,,
,,,,,,,veiligheid,,,riskeren,,heldhaftig,,,karweitje,,diploma,,,,,,,
,,,,,,,verkoudheid,,,rosé,,noorden,,,wormpje,,ivoor,,,,,,,
,,,,,,,viezigheid,,,royaal,,tartaar,,,stemmetjes,,mini,,,,,,,
,,,,,,,vrijheid,,,rubriek,,worden,,,schemaatje,,siroop,,,,,,,
,,,,,,,waarheid,,,rumoer,,cursus,,,meisje,,internationaal,,,,,,,
,,,,,,,wijsheid,,,ruïne,,hordeloop,,,kleintje,,directeur,,,,,,,
,,,,,,,zekerheid,,,schaduw,,noordelijk,,,torretje,,januari,,,,,,,
,,,,,,,zoetigheid,,,schapen,,Tarzan,,,slaatje,,minimaal,,,,,,,
,,,,,,,activiteit,,,scheren,,zanderige,,,nichtje,,situatie,,,,,,,
,,,,,,,actualiteit,,,scheve,,dansen,,,kleurtje,,emotioneel,,,,,,,
,,,,,,,brutaliteit,,,schoorstenen,,import,,,velletje,,dirigent,,,,,,,
,,,,,,,creativiteit,,,schreven,,onderdeel,,,vlootje,,jubileum,,,,,,,
,,,,,,,elektriciteit,,,serie,,tegenwoordig,,,pasje,,minimum,,,,,,,
,,,,,,,kwaliteit,,,serieus,,zestiger,,,kooitje,,ski,,,,,,,
,,,,,,,muzikaliteit,,,sirene,,deksel,,,beloninkje,,lotion,,,,,,,
,,,,,,,nationaliteit,,,slagerij,,inburgering,,,vlaggetje,,divan,,,,,,,
,,,,,,,puberteit,,,slalom,,ondergronds,,,zebraatje,,juli,,,,,,,
,,,,,,,specialiteit,,,slapen,,tenminste,,,petje,,minister,,,,,,,
,,,,,,,sportiviteit,,,smakelijk,,zwerven,,,kraantje,,souvenir,,,,,,,
,,,,,,,universiteit,,,smederij,,disco,,,beweginkje,,nationaal,,,,,,,
,,,,,,,,,,smerige,,index,,,vriendinnetje,,diverse,,,,,,,
,,,,,,,,,,spatie,,oosten,,,,,juni,,,,,,,
,,,,,,,,,,speciaal,,tempel,,,,,minuut,,,,,,,
,,,,,,,,,,spelen,,diverse,,,,,spinazie,,,,,,,
,,,,,,,,,,sporen,,indiaan,,,,,station,,,,,,,
,,,,,,,,,,sprakeloos,,optimaal,,,,,Dolfinarium,,,,,,,
,,,,,,,,,,stadion,,temperatuur,,,,,kabinet,,,,,,,
,,,,,,,,,,statige,,dolfijn,,,,,mitella,,,,,,,
,,,,,,,,,,stevig,,Indische,,,,,spion,,,,,,,
,,,,,,,,,,storen,,optimistisch,,,,,traditioneel,,,,,,,
,,,,,,,,,,tafel,,toendra,,,,,,,,,,,,
,,,,,,,,,,tafereel,,,,,,,,,,,,,,
,,,,,,,,,,talloze,,,,,,,,,,,,,,
,,,,,,,,,,tapir,,,,,,,,,,,,,,
,,,,,,,,,,tegen,,,,,,,,,,,,,,
,,,,,,,,,,telefoon,,,,,,,,,,,,,,
,,,,,,,,,,televisie,,,,,,,,,,,,,,
,,,,,,,,,,temperatuur,,,,,,,,,,,,,,
,,,,,,,,,,tevreden,,,,,,,,,,,,,,
,,,,,,,,,,tolerant,,,,,,,,,,,,,,
,,,,,,,,,,totempaal,,,,,,,,,,,,,,
,,,,,,,,,,tovenaar,,,,,,,,,,,,,,
,,,,,,,,,,traditie,,,,,,,,,,,,,,
,,,,,,,,,,tragisch,,,,,,,,,,,,,,
,,,,,,,,,,trampoline,,,,,,,,,,,,,,
,,,,,,,,,,transpireren,,,,,,,,,,,,,,
,,,,,,,,,,tribune,,,,,,,,,,,,,,
,,,,,,,,,,tropisch,,,,,,,,,,,,,,
,,,,,,,,,,uitnodigen,,,,,,,,,,,,,,
,,,,,,,,,,uitstekend,,,,,,,,,,,,,,
,,,,,,,,,,uniform,,,,,,,,,,,,,,
,,,,,,,,,,urine,,,,,,,,,,,,,,
,,,,,,,,,,vanwege,,,,,,,,,,,,,,
,,,,,,,,,,verbazen,,,,,,,,,,,,,,
,,,,,,,,,,verdedigen,,,,,,,,,,,,,,
,,,,,,,,,,verdelen,,,,,,,,,,,,,,
,,,,,,,,,,vereren,,,,,,,,,,,,,,
,,,,,,,,,,vergeten,,,,,,,,,,,,,,
,,,,,,,,,,vergroting,,,,,,,,,,,,,,
,,,,,,,,,,verhalen,,,,,,,,,,,,,,
,,,,,,,,,,verkering,,,,,,,,,,,,,,
,,,,,,,,,,verkoper,,,,,,,,,,,,,,
,,,,,,,,,,verleden,,,,,,,,,,,,,,
,,,,,,,,,,verlegen,,,,,,,,,,,,,,
,,,,,,,,,,verloren,,,,,,,,,,,,,,
,,,,,,,,,,verraden,,,,,,,,,,,,,,
,,,,,,,,,,verscholen,,,,,,,,,,,,,,
,,,,,,,,,,verstoren,,,,,,,,,,,,,,
,,,,,,,,,,vertragen,,,,,,,,,,,,,,
,,,,,,,,,,verweren,,,,,,,,,,,,,,
,,,,,,,,,,veter,,,,,,,,,,,,,,
,,,,,,,,,,vezels,,,,,,,,,,,,,,
,,,,,,,,,,violet,,,,,,,,,,,,,,
,,,,,,,,,,vitamines,,,,,,,,,,,,,,
,,,,,,,,,,volledig,,,,,,,,,,,,,,
,,,,,,,,,,voorlezen,,,,,,,,,,,,,,
,,,,,,,,,,vormgeving,,,,,,,,,,,,,,
,,,,,,,,,,vrede,,,,,,,,,,,,,,
,,,,,,,,,,vrolijk,,,,,,,,,,,,,,
,,,,,,,,,,vrolijke,,,,,,,,,,,,,,
,,,,,,,,,,waarschuwen,,,,,,,,,,,,,,
,,,,,,,,,,water,,,,,,,,,,,,,,
,,,,,,,,,,wederom,,,,,,,,,,,,,,
,,,,,,,,,,wederzijds,,,,,,,,,,,,,,
,,,,,,,,,,wekelijks,,,,,,,,,,,,,,
,,,,,,,,,,wereld,,,,,,,,,,,,,,
,,,,,,,,,,wreken,,,,,,,,,,,,,,
,,,,,,,,,,zalig,,,,,,,,,,,,,,
,,,,,,,,,,zaterdag,,,,,,,,,,,,,,
,,,,,,,,,,zebra,,,,,,,,,,,,,,
,,,,,,,,,,zenuw,,,,,,,,,,,,,,
,,,,,,,,,,zomer,,,,,,,,,,,,,,
,,,,,,,,,,zware,,,,,,,,,,,,,,
,,,,,,,,,,zweren,,,,,,,,,,,,,,